{
    "mae": 23871801.379123464,
    "mse": 3731.2222327246322,
    "r2_scr": 0.8343764170569661
}